epoch,util_pct,mem_mib
1790383784,3,1582
1790383790,4,1582
1790383795,3,1586
1790383800,3,1588
1790383805,6,1585
1790383810,2,1588
1790383816,0,1586
1790383821,0,1783
1790383826,0,1989
1790383831,37,3039
1790383836,59,3062
1790383842,28,3060
1790383847,55,3028
1790383852,39,3028
1790383857,43,3057
1790383862,33,3169
1790383868,35,3141
1790383873,48,3113
1790383878,52,3112
1790383883,44,3112
1790383889,42,3112
1790383894,41,3112
1790383899,44,3112
1790383904,44,3125
1790383910,57,3101
1790383915,47,3128
1790383920,48,3127
1790383925,42,3125
1790383931,34,3127
1790383936,40,3127
1790383941,57,3127
1790383946,54,3127
1790383951,46,3127
1790383957,50,3127
1790383962,46,3127
1790383967,51,3127
1790383972,52,3127
1790383978,49,3127
1790383983,47,3127
1790383988,58,3127
1790383993,48,3127
1790383999,54,3127
1790384004,52,3127
1790384009,52,3127
1790384014,40,3127
1790384020,52,3127
1790384025,64,3127
1790384030,46,3127
1790384035,51,3127
1790384041,51,3127
1790384046,51,3127
1790384051,66,3127
1790384056,55,3127
1790384061,43,3127
1790384067,40,3127
1790384072,47,3127
1790384077,61,3127
1790384082,50,3127
1790384088,47,3127
1790384093,45,3127
1790384098,57,3127
1790384103,61,3127
1790384109,64,3127
1790384114,48,3127
1790384119,64,3127
1790384124,48,3127
1790384129,52,3127
1790384135,49,3126
1790384140,37,3151
1790384145,51,3186
1790384150,50,3163
1790384156,51,3138
1790384161,42,3141
1790384166,51,3098
1790384171,43,3118
1790384177,36,3168
1790384182,49,3103
1790384187,36,3156
1790384192,52,3142
1790384197,51,3105
1790384203,46,3099
1790384208,47,3103
1790384213,71,3153
1790384218,71,3201
1790384224,68,3144
1790384229,62,3154
1790384234,63,3203
1790384239,43,3325
1790384245,36,3261
1790384250,48,3290
1790384255,52,3244
1790384260,61,3243
1790384265,59,3244
1790384271,60,3245
1790384276,57,3244
1790384281,51,3251
1790384286,52,3297
1790384291,34,3288
1790384297,50,3278
1790384302,56,3278
1790384307,46,3278
1790384312,51,3274
1790384318,47,3274
1790384323,46,3274
1790384328,53,3270
1790384333,44,3270
1790384339,46,3270
1790384344,50,3255
1790384349,51,3255
1790384354,49,3255
1790384360,48,3255
1790384365,52,3255
1790384370,49,3255
1790384375,66,3255
1790384381,47,3255
1790384386,48,3255
1790384391,50,3255
1790384396,36,3255
1790384401,53,3249
1790384407,57,3249
1790384412,52,3249
1790384417,48,3249
1790384422,51,3249
1790384428,49,3261
1790384433,49,3261
1790384438,53,3249
1790384443,53,3249
1790384449,46,3249
1790384454,47,3249
1790384459,46,3249
1790384464,62,3249
1790384470,43,3249
1790384475,48,3249
1790384480,38,3249
1790384485,35,3249
1790384491,56,3249
1790384496,47,3249
1790384501,44,3249
1790384506,35,3249
1790384512,44,3249
1790384517,51,3249
1790384522,56,3249
1790384527,49,3249
1790384532,42,3249
1790384538,63,3254
1790384543,49,3254
1790384548,53,3254
1790384553,58,3259
1790384559,44,3254
1790384564,61,3254
1790384569,54,3254
1790384574,64,3254
1790384580,0,3254
1790384585,0,2298
1790384590,15,2298
1790384595,20,2298
1790384601,0,2298
1790384606,0,2298
1790384611,34,2298
1790384616,9,2427
1790384622,6,2358
1790384627,10,2527
1790384632,0,2522
1790384637,9,2522
1790384642,11,2522
1790384648,0,2597
1790384653,8,2993
1790384658,23,2987
1790384663,16,2867
1790384669,15,2906
1790384674,0,2906
1790384679,7,2905
1790384684,12,2831
1790384689,1,2831
1790384695,24,2831
1790384700,12,2831
1790384705,25,2831
1790384710,0,2831
1790384716,0,2831
1790384721,26,2831
1790384726,23,2831
1790384731,0,2831
1790384737,23,2831
1790384742,1,3116
1790384747,0,2857
1790384752,0,2831
1790384757,22,2808
1790384763,16,2808
1790384768,27,2808
1790384773,0,2808
1790384778,1,2808
1790384784,2,2808
1790384789,1,2816
1790384794,12,2807
1790384799,13,2807
1790384804,0,2807
1790384810,0,2807
1790384815,1,2807
1790384820,24,2807
1790384825,23,2807
1790384830,21,2807
1790384836,11,2807
1790384841,34,2807
1790384846,0,2815
1790384851,0,2807
1790384857,0,2807
1790384862,26,2807
1790384867,31,2807
1790384872,13,2807
1790384877,24,2807
1790384883,22,2807
1790384888,10,2807
1790384893,35,2807
1790384898,12,2807
1790384904,45,2807
1790384909,0,2815
1790384914,12,2807
1790384919,0,2807
1790384924,13,2807
1790384930,1,2807
1790384935,21,2807
1790384940,19,2807
1790384945,23,2807
1790384951,11,2807
1790384956,34,2807
1790384961,0,2807
1790384966,24,2815
1790384971,25,2807
1790384977,14,2807
1790384982,0,2807
1790384987,0,2807
1790384992,26,2807
1790384998,23,2807
1790385003,13,2807
1790385008,0,2807
1790385013,12,2807
1790385018,25,2807
1790385024,0,2807
1790385029,13,2814
1790385034,13,2807
1790385039,0,2807
1790385045,23,2807
1790385050,0,2807
1790385055,20,2812
1790385060,23,2807
1790385065,0,2807
1790385071,0,2807
1790385076,22,2807
1790385081,0,2807
1790385086,13,2815
1790385091,13,2807
1790385097,0,2807
1790385102,14,2807
1790385107,24,2807
1790385112,11,2807
1790385117,14,2807
1790385123,1,3092
1790385134,18,3058
1790385140,0,3084
1790385145,20,2963
1790385150,13,2853
1790385155,1,2786
1790385161,25,2782
1790385166,27,2785
1790385171,18,2783
1790385176,0,2783
1790385181,12,2778
1790385187,12,2778
1790385192,14,2778
1790385197,0,2778
1790385202,14,2778
1790385208,15,2778
1790385213,12,2778
1790385218,27,2778
1790385223,29,2778
1790385228,1,2778
1790385234,26,2778
1790385239,1,2778
1790385244,11,2778
1790385249,13,2778
1790385254,28,2778
1790385260,0,2778
1790385265,9,2778
1790385270,25,2778
1790385275,0,2778
1790385280,0,2778
1790385286,14,2778
1790385291,38,2778
1790385296,21,2778
1790385301,12,2778
1790385307,0,2778
1790385312,19,2778
1790385317,27,2778
1790385322,13,2778
1790385327,13,2778
1790385333,0,2778
1790385338,31,2778
1790385343,1,2778
1790385348,0,2778
1790385354,2,2778
1790385359,35,2778
1790385364,27,2778
1790385369,18,2778
1790385374,28,2778
1790385380,27,2778
1790385385,0,2778
1790385390,14,2778
1790385396,26,2778
1790385401,22,2778
1790385406,2,2778
1790385411,0,2778
1790385416,13,2778
1790385422,0,2778
1790385427,26,2778
1790385432,23,2782
1790385437,27,2782
1790385443,28,2783
1790385448,22,2787
1790385453,0,2783
1790385458,16,2782
1790385463,25,2782
1790385469,0,2782
1790385474,0,2782
1790385479,14,2782
1790385484,36,2782
1790385490,23,2803
1790385495,1,2786
1790385500,1,2781
1790385505,2,2802
1790385510,25,2781
1790385516,4,2781
1790385521,56,2781
1790385526,17,2782
1790385531,18,2782
1790385537,24,2803
1790385542,0,2781
1790385547,22,2781
1790385552,32,2782
1790385557,22,2782
1790385563,1,2804
1790385568,20,2784
1790385573,11,2784
1790385578,29,2809
1790385584,16,2785
1790385589,0,2785
1790385594,2,2817
1790385599,13,2788
1790385604,0,2807
1790385610,0,2787
1790385615,1,2786
1790385620,0,2793
1790385626,0,2788
1790385631,0,2786
1790385636,15,2892
1790385641,16,2881
1790385646,17,2801
1790385652,6,2799
1790385657,17,2864
1790385662,14,2686
1790385668,7,2697
1790385673,6,2649
1790385678,5,2630
1790385683,16,2646
1790385689,8,2626
1790385694,17,2640
1790385699,17,2631
1790385704,8,2620
1790385710,27,2620
1790385715,13,2621
1790385720,19,2619
1790385726,25,2617
1790385731,18,2624
1790385736,17,2616
1790385741,18,2613
1790385747,17,2613
1790385752,27,2690
1790385757,9,2612
1790385762,9,2614
1790385767,19,2614
1790385773,9,2613
1790385778,17,2611
1790385783,9,2613
1790385788,9,2632
1790385794,9,2614
1790385799,3,2713
1790385804,15,2789
1790385809,10,2652
1790385815,19,2604
1790385820,2,2607
1790385825,11,2604
1790385830,2,2693
1790385835,12,2618
1790385841,19,2704
1790385846,4,2616
1790385851,2,2658
1790385856,20,2575
1790385861,11,2564
1790385867,3,2570
1790385872,12,2569
1790385877,19,2568
1790385882,14,2568
1790385888,13,2570
1790385893,12,2571
1790385898,11,2571
1790385903,11,2571
1790385909,2,2571
1790385914,11,2571
1790385919,14,2571
1790385924,11,2570
1790385929,2,2569
1790385935,11,2569
1790385940,2,2568
1790385945,12,2567
1790385950,11,2568
1790385956,11,2561
1790385961,2,2564
1790385966,2,2575
1790385972,1,2575
1790385978,1,2574
1790385984,1,2636
1790385990,2,2632
1790385996,1,2629
1790386002,1,2630
1790386008,1,2630
1790386014,1,2630
1790386020,2,2623
1790386026,2,2609
1790386032,1,2591
1790386038,1,2581
1790386044,2,2584
1790386050,1,2584
1790386056,10,2669
1790386062,2,2671
1790386068,1,2574
1790386074,1,2580
1790386080,1,2566
1790386086,2,2561
1790386092,5,2556
1790386099,1,2561
1790386104,2,2561
1790386110,2,2561
1790386116,19,2562
1790386122,2,2570
1790386129,2,2570
1790386135,2,2484
1790386141,2,2316
1790386147,1,2312
1790386153,1,2328
1790386159,1,2310
1790386165,2,2415
1790386171,1,2312
1790386177,2,2417
1790386183,1,2316
1790386189,1,2330
1790386195,2,2326
1790386201,2,2319
1790386207,2,2323
1790386213,5,2454
1790386219,4,2389
1790386225,4,2402
1790386231,4,2375
1790386237,4,2401
1790386243,4,2381
1790386249,3,2400
1790386255,4,2376
1790386262,12,2401
1790386267,1,2406
1790386273,2,2410
1790386280,2,2407
1790386286,16,2307
1790386292,3,2319
1790386298,4,2314
1790386304,4,2317
1790386310,3,2316
1790386316,4,2316
1790386322,4,2318
1790386328,4,2325
1790386334,13,2322
1790386340,3,2321
1790386346,5,2322
1790386352,1,2322
1790386358,17,2316
1790386364,27,2319
1790386370,18,2320
1790386375,9,2314
1790386380,18,2314
1790386386,18,2315
1790386391,31,2315
1790386396,27,2314
1790386402,23,2314
1790386407,27,2319
1790386414,18,2317
1790386419,17,2317
1790386425,9,2317
1790386430,18,2318
1790386435,27,2318
1790386441,14,2318
1790386446,17,2318
1790386451,18,2324
1790386457,9,2330
1790386462,8,2331
1790386468,9,2318
1790386473,9,2330
1790386479,26,2329
1790386484,18,2318
1790386489,26,2391
1790386495,19,2425
1790386500,19,2411
1790386505,20,2451
1790386510,25,3748
1790386516,9,5183
1790386521,17,2851
1790386527,21,2728
1790386532,20,2851
1790386537,23,2905
1790386542,27,2961
1790386548,11,2953
1790386553,25,2851
1790386558,10,3008
1790386564,22,2993
1790386569,11,2773
1790386574,20,2758
1790386580,10,2945
1790386585,19,2913
1790386591,11,2773
1790386596,23,2813
1790386601,27,2935
1790386606,39,2898
1790386612,24,2832
1790386617,10,2969
1790386622,14,2958
1790386628,11,2920
1790386633,20,2890
1790386638,32,2994
1790386644,30,2817
1790386649,20,2806
1790386654,18,2989
1790386660,23,2993
1790386665,15,2772
1790386670,12,2802
1790386675,32,2995
1790386681,11,2958
1790386686,11,2802
1790386692,15,2862
1790386697,28,2987
1790386703,24,2833
1790386708,31,2760
1790386713,23,2994
1790386719,9,2747
1790386724,15,2814
1790386729,24,2805
1790386735,22,2992
1790386740,11,2819
1790386745,15,2751
1790386751,20,2943
1790386756,10,2870
1790386761,23,2886
1790386766,21,3219
1790386772,19,2995
1790386777,15,2963
1790386782,12,2928
